ConseilID,Titre,Categorie,Contenu,Public
CO00001,Déclarez tous les conducteurs habituels du véhicule,Administratif,Déclarez tous les conducteurs habituels du véhicule. Ce conseil est validé par nos experts underwriting.,Jeunes conducteurs
CO00002,Installez un antivol agréé pour réduire le risque vol,Sinistre,Installez un antivol agréé pour réduire le risque vol. Ce conseil est validé par nos experts underwriting.,Professionnels
CO00003,Garez votre véhicule en garage fermé si possible,Administratif,Garez votre véhicule en garage fermé si possible. Ce conseil est validé par nos experts underwriting.,Jeunes conducteurs
CO00004,Mettez à jour votre kilométrage annuel chaque année,Souscription,Mettez à jour votre kilométrage annuel chaque année. Ce conseil est validé par nos experts underwriting.,Jeunes conducteurs
CO00005,Conservez vos preuves d'entretien régulier,Administratif,Conservez vos preuves d'entretien régulier. Ce conseil est validé par nos experts underwriting.,Jeunes conducteurs
CO00006,Signalez immédiatement tout changement d'adresse,Souscription,Signalez immédiatement tout changement d'adresse. Ce conseil est validé par nos experts underwriting.,Professionnels
CO00007,Profitez des réductions multi-véhicules et fidélité,Sinistre,Profitez des réductions multi-véhicules et fidélité. Ce conseil est validé par nos experts underwriting.,Jeunes conducteurs
CO00008,Vérifiez les exclusions avant chaque renouvellement,Souscription,Vérifiez les exclusions avant chaque renouvellement. Ce conseil est validé par nos experts underwriting.,Professionnels
CO00009,Utilisez l'application mobile pour suivre vos sinistres,Sinistre,Utilisez l'application mobile pour suivre vos sinistres. Ce conseil est validé par nos experts underwriting.,Jeunes conducteurs
CO00010,Comparez les franchises avant de choisir votre formule,Sinistre,Comparez les franchises avant de choisir votre formule. Ce conseil est validé par nos experts underwriting.,Jeunes conducteurs
CO00011,Vérifiez l'historique de vos conducteurs avant la souscription,Souscription,Consultez l'historique des sinistres de tous les conducteurs avant de souscrire un nouveau contrat. Ce conseil est validé par nos experts souscription.,Seniors
CO00012,Évaluez la valeur réelle de votre véhicule chaque année,Administratif,Faites estimer la valeur de votre véhicule chaque année pour ajuster votre prime d'assurance. Ce conseil est validé par nos experts souscription.,Professionnels
CO00013,Comparez les garanties options avant de signer,Souscription,Étudiez les garanties optionnelles proposées et choisissez celles qui correspondent à votre usage. Ce conseil est validé par nos experts souscription.,Jeunes conducteurs
CO00014,Négociez votre franchise selon votre profil de conduite,Sinistre,Adaptez le montant de votre franchise en fonction de votre historique de conduite et de votre véhicule. Ce conseil est validé par nos experts sinistres.,Seniors
CO00015,Utilisez un système de géolocalisation pour réduire les risques,Sécurité,Installez un dispositif de géolocalisation qui peut aider à retrouver votre véhicule en cas de vol. Ce conseil est validé par nos experts sécurité.,Tous
CO00016,Souscrivez une protection juridique adaptée,Souscription,La protection juridique peut vous couvrir en cas de litige lié à un accident ou un sinistre. Ce conseil est validé par nos experts souscription.,Professionnels
CO00017,Conservez tous les justificatifs d'entretien du véhicule,Administratif,Gardez précieusement vos factures d'entretien pour prouver le bon état de votre véhicule. Ce conseil est validé par nos experts administratifs.,Jeunes conducteurs
CO00018,Optez pour le paiement annuel pour faire des économies,Économie,Le paiement annuel de votre prime est souvent moins cher que les mensualités. Ce conseil est validé par nos experts économie.,Professionnels
CO00019,Soyez attentif aux franchises en cas de sinistre multiple,Sinistre,En cas de sinistres répétés, vérifiez l'impact sur vos franchises et votre bonus-malus. Ce conseil est validé par nos experts sinistres.,Jeunes conducteurs
CO00020,Déclarez rapidement tout changement de situation personnelle,Administratif,Un mariage, un divorce ou un déménagement peut influencer votre contrat d'assurance. Ce conseil est validé par nos experts administratifs.,Seniors
CO00021,Utilisez un comparateur avant chaque renouvellement,Économie,Comparez les offres du marché chaque année avant de renouveler votre contrat. Ce conseil est validé par nos experts économie.,Jeunes conducteurs
CO00022,Formez-vous aux gestes de premiers secours routiers,Sécurité,Suivre une formation aux premiers secours peut vous aider en cas d'accident. Ce conseil est validé par nos experts sécurité.,Professionnels
CO00023,Vérifiez la conformité des pneus et des feux du véhicule,Administratif,Un véhicule en bon état est moins sujet aux accidents. Vérifiez régulièrement vos pneus et vos feux. Ce conseil est validé par nos experts administratifs.,Tous
CO00024,N'oubliez pas d'assurer les accessoires du véhicule,Souscription,Les accessoires comme les jantes, le toit ouvrant ou la galerie doivent être déclarés. Ce conseil est validé par nos experts souscription.,Jeunes conducteurs
CO00025,Utilisez votre application assurance pour déclarer un sinistre,Sinistre,La déclaration de sinistre via l'application est rapide et permet de suivre votre dossier en temps réel. Ce conseil est validé par nos experts sinistres.,Seniors
CO00026,Choisissez une garantie bris de glace adaptée à votre région,Souscription,Les régions à forte circulation ou zones côtières nécessitent une garantie bris de glace renforcée. Ce conseil est validé par nos experts souscription.,Professionnels
CO00027,Réduisez votre prime en augmentant votre franchise,Économie,Accepter une franchise plus élevée réduit votre prime mensuelle. Évaluez votre capacité à payer cette franchise. Ce conseil est validé par nos experts économie.,Jeunes conducteurs
CO00028,Stockez votre véhicule dans un lieu sécurisé,Sécurité,Un parking fermé ou un garage diminue les risques de vol et de dégradation. Ce conseil est validé par nos experts sécurité.,Tous
CO00029,Anticipez les coûts d'une réparation après sinistre,Sinistre,Demandez plusieurs devis avant de lancer une réparation pour évaluer le coût total. Ce conseil est validé par nos experts sinistres.,Professionnels
CO00030,Utilisez la conduite accompagnée pour réduire vos primes,Administratif,La conduite accompagnée permet de réduire le risque et d'obtenir des primes plus basses. Ce conseil est validé par nos experts administratifs.,Jeunes conducteurs
CO00031,Vérifiez les exclusions de garantie pour les dommages électriques,Souscription,Certains contrats excluent les dommages électriques. Assurez-vous d'être bien couvert. Ce conseil est validé par nos experts souscription.,Seniors
CO00032,Optez pour un forfait kilométrique adapté à vos déplacements,Économie,Un forfait kilométrique trop élevé ou trop bas vous coûte inutilement. Ajustez-le chaque année. Ce conseil est validé par nos experts économie.,Professionnels
CO00033,Effectuez un entretien régulier du système de freinage,Sécurité,Un système de freinage en bon état est essentiel pour éviter les accidents. Ce conseil est validé par nos experts sécurité.,Jeunes conducteurs
CO00034,Assurez-vous de la validité de votre carte grise,Administratif,Une carte grise périmée peut entraîner des problèmes en cas de sinistre. Ce conseil est validé par nos experts administratifs.,Tous
CO00035,Utilisez les aides à la conduite connectées,Sécurité,Les dispositifs connectés peuvent vous aider à adopter une conduite plus sûre. Ce conseil est validé par nos experts sécurité.,Professionnels
CO00036,Renseignez-vous sur les garanties assistance 24/7,Souscription,L'assistance 24/7 peut vous dépanner en cas de panne ou d'accident. Ce conseil est validé par nos experts souscription.,Jeunes conducteurs
CO00037,Comparez les tarifs des assureurs en ligne,Économie,Les assureurs en ligne proposent souvent des tarifs plus compétitifs. Ce conseil est validé par nos experts économie.,Seniors
CO00038,Suivez l'évolution de votre bonus-malus chaque année,Administratif,Surveillez votre coefficient de bonus-malus pour anticiper vos futures primes. Ce conseil est validé par nos experts administratifs.,Tous
CO00039,Protégez vos biens personnels dans le véhicule,Sécurité,N'oubliez pas d'assurer les objets personnels laissés dans le véhicule. Ce conseil est validé par nos experts sécurité.,Professionnels
CO00040,Souscrivez une garantie vol avec extension à l'étranger,Souscription,Si vous voyagez, assurez-vous que votre garantie vol couvre également l'étranger. Ce conseil est validé par nos experts souscription.,Jeunes conducteurs
CO00041,Utilisez un système d'alerte en cas d'effraction,Sécurité,Un système d'alarme dissuasif peut réduire le risque de vol. Ce conseil est validé par nos experts sécurité.,Seniors
CO00042,Évaluez l'impact de la région sur votre prime,Économie,Votre lieu de résidence influence le montant de votre prime. Informez-vous sur les zones à risque. Ce conseil est validé par nos experts économie.,Professionnels
CO00043,Conservez vos factures de réparation après un sinistre,Administratif,Les factures de réparation peuvent être utiles pour prouver la valeur du véhicule. Ce conseil est validé par nos experts administratifs.,Jeunes conducteurs
CO00044,Faites vérifier votre véhicule après un sinistre mineur,Sinistre,Même un petit sinistre peut avoir des conséquences sur la mécanique. Faites vérifier votre véhicule. Ce conseil est validé par nos experts sinistres.,Tous
CO00045,Négociez une réduction pour conducteurs expérimentés,Souscription,Les assureurs peuvent proposer des réductions pour les conducteurs avec un long historique sans sinistre. Ce conseil est validé par nos experts souscription.,Professionnels
CO00046,Utilisez les bornes de recharge pour véhicules électriques,Sécurité,Un véhicule électrique nécessite des précautions particulières pour la recharge. Ce conseil est validé par nos experts sécurité.,Jeunes conducteurs
CO00047,Déclarez toutes les modifications apportées au véhicule,Administratif,Toute modification technique doit être déclarée à votre assureur. Ce conseil est validé par nos experts administratifs.,Seniors
CO00048,Choisissez une assurance adaptée à votre usage professionnel,Souscription,Si vous utilisez votre véhicule pour le travail, optez pour une assurance professionnelle. Ce conseil est validé par nos experts souscription.,Tous
CO00049,Surveillez la pression des pneus régulièrement,Sécurité,Des pneus bien gonflés améliorent l'adhérence et réduisent les risques d'accident. Ce conseil est validé par nos experts sécurité.,Professionnels
CO00050,Optez pour une franchise dégressive en l'absence de sinistre,Sinistre,Certains contrats proposent une franchise dégressive qui diminue en cas de bonne conduite. Ce conseil est validé par nos experts sinistres.,Jeunes conducteurs
CO00051,Utilisez un service de covoiturage pour réduire vos trajets,Économie,Réduire vos kilomètres annuels peut diminuer votre prime d'assurance. Ce conseil est validé par nos experts économie.,Seniors
CO00052,Vérifiez les options d'assistance psychologique après sinistre,Souscription,Un sinistre peut avoir des conséquences psychologiques. Renseignez-vous sur les options d'assistance. Ce conseil est validé par nos experts souscription.,Professionnels
CO00053,Assurez-vous de la validité du contrôle technique,Administratif,Un contrôle technique valide est obligatoire pour votre assurance. Ce conseil est validé par nos experts administratifs.,Jeunes conducteurs
CO00054,Comparez les offres de garantie protection du conducteur,Souscription,La protection du conducteur est souvent négligée. Comparez les offres disponibles. Ce conseil est validé par nos experts souscription.,Tous
CO00055,N'oubliez pas d'assurer les vitres et les optiques,Sinistre,Les vitres et les optiques sont vulnérables. Une garantie spécifique peut être utile. Ce conseil est validé par nos experts sinistres.,Professionnels
CO00056,Évaluez le coût d'une franchise élevée en cas de sinistre,Sinistre,Une franchise élevée peut vous faire économiser mais peut être coûteuse en cas de sinistre. Ce conseil est validé par nos experts sinistres.,Jeunes conducteurs
CO00057,Utilisez une application pour suivre votre conduite,Sécurité,Certaines applications analysent votre conduite et peuvent réduire votre prime. Ce conseil est validé par nos experts sécurité.,Seniors
CO00058,Assurez-vous de la couverture en cas de catastrophe naturelle,Souscription,Les catastrophes naturelles peuvent endommager votre véhicule. Vérifiez votre couverture. Ce conseil est validé par nos experts souscription.,Professionnels
CO00059,Gardez une trace de vos déplacements professionnels,Administratif,En cas de sinistre, la traçabilité de vos déplacements peut vous être utile. Ce conseil est validé par nos experts administratifs.,Jeunes conducteurs
CO00060,Souscrivez une garantie pour les dommages causés par les animaux,Sinistre,Les collisions avec des animaux sont fréquentes. Une garantie spécifique peut vous couvrir. Ce conseil est validé par nos experts sinistres.,Tous
CO00061,Optez pour une assurance avec remboursement du véhicule neuf,Souscription,En cas de sinistre, une assurance remboursant la valeur à neuf peut être avantageuse. Ce conseil est validé par nos experts souscription.,Professionnels
CO00062,Vérifiez les options de réduction pour les bons conducteurs,Économie,Les conducteurs ayant un bon historique peuvent bénéficier de réductions. Ce conseil est validé par nos experts économie.,Jeunes conducteurs
CO00063,Protégez votre véhicule contre le vandalisme,Sécurité,Le vandalisme peut arriver. Une garantie spécifique peut vous protéger. Ce conseil est validé par nos experts sécurité.,Seniors
CO00064,Utilisez un garage agréé pour vos réparations,Sinistre,Un garage agréé par votre assureur garantit des réparations de qualité. Ce conseil est validé par nos experts sinistres.,Professionnels
CO00065,Déclarez tout sinistre même mineur à votre assureur,Administratif,Même un petit sinistre doit être déclaré pour éviter des complications ultérieures. Ce conseil est validé par nos experts administratifs.,Jeunes conducteurs
CO00066,Assurez-vous d'être couvert en cas de sinistre à l'étranger,Souscription,Vérifiez que votre assurance vous couvre également à l'étranger. Ce conseil est validé par nos experts souscription.,Tous
CO00067,Optez pour une franchise personnalisée selon votre budget,Économie,Adaptez le montant de votre franchise à votre capacité financière. Ce conseil est validé par nos experts économie.,Professionnels
CO00068,Suivez les recommandations de sécurité de votre assureur,Sécurité,Les assureurs proposent souvent des recommandations pour réduire les risques. Ce conseil est validé par nos experts sécurité.,Jeunes conducteurs
CO00069,Vérifiez les garanties en cas de sinistre corporel,Sinistre,Les sinistres corporels ont des conséquences graves. Assurez-vous d'être bien couvert. Ce conseil est validé par nos experts sinistres.,Seniors
CO00070,Consultez votre assureur avant d'acheter un véhicule neuf,Souscription,Avant d'acheter un véhicule, demandez un devis à votre assureur. Ce conseil est validé par nos experts souscription.,Professionnels
CO00071,Utilisez les transports en commun pour réduire vos trajets,Économie,Moins de trajets signifie moins de risques et une prime plus faible. Ce conseil est validé par nos experts économie.,Jeunes conducteurs
CO00072,Vérifiez la date de validité de votre permis de conduire,Administratif,Un permis valide est indispensable pour être couvert en cas de sinistre. Ce conseil est validé par nos experts administratifs.,Tous
CO00073,Installez des pneus hiver en région montagneuse,Sécurité,Les pneus hiver sont obligatoires dans certaines zones et réduisent les risques. Ce conseil est validé par nos experts sécurité.,Professionnels
CO00074,Négociez votre prime en fonction de votre historique,Économie,Votre historique de conduite sans sinistre est un argument pour négocier votre prime. Ce conseil est validé par nos experts économie.,Jeunes conducteurs
CO00075,Assurez-vous de la couverture en cas de panne,Souscription,La panne peut arriver. Vérifiez que votre assurance inclut une assistance panne. Ce conseil est validé par nos experts souscription.,Seniors
CO00076,Utilisez les systèmes d'aide à la conduite,Sécurité,Les systèmes d'aide à la conduite comme l'ABS ou l'ESP réduisent les risques d'accident. Ce conseil est validé par nos experts sécurité.,Professionnels
CO00077,Vérifiez les garanties pour les dommages causés aux tiers,Souscription,La garantie responsabilité civile est obligatoire mais vérifiez son montant maximal. Ce conseil est validé par nos experts souscription.,Jeunes conducteurs
CO00078,Comparez les offres d'assurance tous les 2 ans,Économie,Les offres évoluent rapidement. Comparez régulièrement pour trouver la meilleure offre. Ce conseil est validé par nos experts économie.,Tous
CO00079,Stockez le véhicule dans un endroit éclairé la nuit,Sécurité,Un véhicule stationné dans un endroit bien éclairé est moins vulnérable. Ce conseil est validé par nos experts sécurité.,Professionnels
CO00080,Déclarez tout changement de situation professionnelle,Administratif,Un changement de métier peut influencer votre usage du véhicule et votre prime. Ce conseil est validé par nos experts administratifs.,Jeunes conducteurs
CO00081,Optez pour une garantie contre le vol des accessoires,Souscription,Les accessoires comme les roues ou les systèmes audio peuvent être volés. Ce conseil est validé par nos experts souscription.,Seniors
CO00082,Utilisez un simulateur de prime en ligne,Économie,Les simulateurs en ligne vous permettent d'estimer votre prime avant de souscrire. Ce conseil est validé par nos experts économie.,Professionnels
CO00083,Vérifiez l'état des essuie-glaces et des phares,Sécurité,Des essuie-glaces et des phares en bon état améliorent votre visibilité. Ce conseil est validé par nos experts sécurité.,Jeunes conducteurs
CO00084,Conservez les documents du véhicule dans un endroit sûr,Administratif,La carte grise et le certificat d'assurance doivent être facilement accessibles. Ce conseil est validé par nos experts administratifs.,Tous
CO00085,Souscrivez une assurance pour les déplacements professionnels,Souscription,Si vous utilisez votre véhicule pour le travail, vérifiez votre couverture. Ce conseil est validé par nos experts souscription.,Professionnels
CO00086,Évaluez votre kilométrage annuel réel,Économie,Un kilométrage surestimé ou sous-estimé peut vous coûter cher. Ce conseil est validé par nos experts économie.,Jeunes conducteurs
CO00087,Utilisez un antivol de qualité pour votre véhicule,Sécurité,Un antivol certifié est plus efficace contre le vol. Ce conseil est validé par nos experts sécurité.,Seniors
CO00088,Assurez-vous de la prise en charge des frais d'expertise,Sinistre,Les frais d'expertise peuvent être élevés. Vérifiez qu'ils sont pris en charge. Ce conseil est validé par nos experts sinistres.,Professionnels
CO00089,Vérifiez les options pour les jeunes conducteurs,Souscription,Les jeunes conducteurs peuvent bénéficier de formations ou de dispositifs spécifiques. Ce conseil est validé par nos experts souscription.,Jeunes conducteurs
CO00090,Réduisez votre prime en limitant les déplacements nocturnes,Économie,Les trajets nocturnes sont plus risqués. Limitez-les pour réduire votre prime. Ce conseil est validé par nos experts économie.,Tous
CO00091,Entretenez régulièrement votre système de climatisation,Sécurité,Un système de climatisation en bon état évite les problèmes en été. Ce conseil est validé par nos experts sécurité.,Professionnels
CO00092,Consultez les avis des autres assurés sur votre assureur,Administratif,Les avis des autres assurés peuvent vous éclairer sur la qualité du service. Ce conseil est validé par nos experts administratifs.,Jeunes conducteurs
CO00093,Négociez une clause de valeur à neuf pour votre véhicule,Souscription,La valeur à neuf peut être un atout en cas de sinistre total. Ce conseil est validé par nos experts souscription.,Seniors
CO00094,Utilisez un véhicule de remplacement en cas de sinistre,Sinistre,La garantie véhicule de remplacement vous permet de continuer vos déplacements. Ce conseil est validé par nos experts sinistres.,Professionnels
CO00095,Surveillez les alertes de rappel de constructeur,Administratif,Les rappels de constructeur peuvent concerner la sécurité de votre véhicule. Ce conseil est validé par nos experts administratifs.,Jeunes conducteurs
CO00096,Optez pour une assurance avec assistance administrative,Souscription,L'assistance administrative peut vous aider en cas de perte de documents. Ce conseil est validé par nos experts souscription.,Tous
CO00097,Réduisez votre prime en conduisant de manière éco-responsable,Économie,Une conduite éco-responsable réduit les risques et votre prime. Ce conseil est validé par nos experts économie.,Professionnels
CO00098,Assurez-vous que votre véhicule est conforme aux normes,Sécurité,Un véhicule non conforme peut vous mettre en danger et vous faire perdre votre couverture. Ce conseil est validé par nos experts sécurité.,Jeunes conducteurs
CO00099,Vérifiez les délais de déclaration des sinistres,Sinistre,Respectez les délais de déclaration pour éviter les refus de prise en charge. Ce conseil est validé par nos experts sinistres.,Seniors
CO00100,Comparez les garanties optionnelles avec votre conseiller,Souscription,Les options peuvent être ajustées selon vos besoins. Discutez-en avec votre conseiller. Ce conseil est validé par nos experts souscription.,Professionnels
CO00101,Utilisez les transports alternatifs pour réduire l'usure,Économie,Moins de kilomètres signifie moins d'usure et une prime plus basse. Ce conseil est validé par nos experts économie.,Jeunes conducteurs
CO00102,Vérifiez la conformité des dispositifs de sécurité,Sécurité,Les dispositifs de sécurité comme les airbags doivent être fonctionnels. Ce conseil est validé par nos experts sécurité.,Tous
CO00103,Déclarez toutes les personnes conduisant régulièrement,Administratif,Tous les conducteurs réguliers doivent être déclarés pour une couverture complète. Ce conseil est validé par nos experts administratifs.,Professionnels
CO00104,Souscrivez une garantie pour les événements climatiques,Souscription,Les événements climatiques extrêmes peuvent endommager votre véhicule. Ce conseil est validé par nos experts souscription.,Jeunes conducteurs
CO00105,Renseignez-vous sur les aides gouvernementales pour jeunes conducteurs,Économie,Des aides peuvent exister pour les jeunes conducteurs. Renseignez-vous. Ce conseil est validé par nos experts économie.,Seniors
CO00106,Vérifiez les exclusions de garantie pour les courses,Sinistre,Certains contrats excluent les dommages pendant les courses. Vérifiez les conditions. Ce conseil est validé par nos experts sinistres.,Professionnels
CO00107,Utilisez une dashcam pour prouver votre bonne foi,Sécurité,Les dashcams peuvent être utiles en cas d'accident litigieux. Ce conseil est validé par nos experts sécurité.,Jeunes conducteurs
CO00108,Consultez votre assureur avant un long voyage,Souscription,Avant un long voyage, vérifiez que votre couverture est adaptée. Ce conseil est validé par nos experts souscription.,Tous
CO00109,Évaluez le coût des réparations avant de lancer les travaux,Sinistre,Demandez plusieurs devis pour évaluer le coût des réparations. Ce conseil est validé par nos experts sinistres.,Professionnels
CO00110,Surveillez les changements de réglementation automobile,Administratif,Les lois évoluent. Assurez-vous que votre assurance est toujours conforme. Ce conseil est validé par nos experts administratifs.,Jeunes conducteurs
CO00111,Négociez une réduction pour l'absence de sinistre,Économie,Un historique sans sinistre est un atout pour négocier votre prime. Ce conseil est validé par nos experts économie.,Seniors
CO00112,Optez pour une garantie qui couvre les frais de dépannage,Souscription,Les frais de dépannage peuvent être élevés. Une garantie spécifique peut les couvrir. Ce conseil est validé par nos experts souscription.,Professionnels
CO00113,Assurez-vous de la qualité des pièces de rechange utilisées,Sinistre,Les pièces de rechange doivent être de qualité pour garantir votre sécurité. Ce conseil est validé par nos experts sinistres.,Jeunes conducteurs
CO00114,Utilisez des applications de mobilité pour éviter le trafic,Sécurité,Éviter le trafic réduit les risques d'accident. Utilisez des applications de mobilité. Ce conseil est validé par nos experts sécurité.,Tous
CO00115,Vérifiez les garanties en cas de dommage par le feu,Souscription,Les dommages par le feu peuvent être exclus. Vérifiez votre couverture. Ce conseil est validé par nos experts souscription.,Professionnels
CO00116,Comparez les offres d'assurance pour les véhicules anciens,Économie,Les véhicules anciens peuvent bénéficier d'assurances spécifiques. Comparez les offres. Ce conseil est validé par nos experts économie.,Jeunes conducteurs
CO00117,Stockez votre véhicule hors d'eau pendant les intempéries,Sécurité,Les intempéries peuvent endommager votre véhicule. Stockez-le en lieu sûr. Ce conseil est validé par nos experts sécurité.,Seniors
CO00118,Déclarez les modifications de la carte grise,Administratif,Toute modification du véhicule doit être déclarée sur la carte grise. Ce conseil est validé par nos experts administratifs.,Professionnels
CO00119,Souscrivez une garantie pour les dommages causés par les intempéries,Souscription,Les intempéries comme la grêle peuvent endommager votre véhicule. Une garantie spécifique est utile. Ce conseil est validé par nos experts souscription.,Jeunes conducteurs
CO00120,Vérifiez les options de paiement de votre prime,Économie,Le paiement annuel est souvent moins cher que le paiement mensuel. Ce conseil est validé par nos experts économie.,Tous
CO00121,Utilisez une protection contre le vol pour les roues,Sécurité,Le vol des roues est fréquent. Une protection spécifique peut les sécuriser. Ce conseil est validé par nos experts sécurité.,Professionnels
CO00122,Consultez un expert avant de signer un contrat,Souscription,Un expert en assurance peut vous aider à choisir la meilleure offre. Ce conseil est validé par nos experts souscription.,Jeunes conducteurs
CO00123,Gardez une preuve de l'état du véhicule avant un sinistre,Sinistre,Des photos de votre véhicule peuvent prouver son état avant un sinistre. Ce conseil est validé par nos experts sinistres.,Seniors
CO00124,Négociez une clause de non-renouvellement tacite,Administratif,Évitez les renouvellements automatiques en négociant une clause de non-renouvellement. Ce conseil est validé par nos experts administratifs.,Professionnels
CO00125,Optez pour une assurance avec protection juridique,Souscription,La protection juridique peut vous aider en cas de litige. Ce conseil est validé par nos experts souscription.,Jeunes conducteurs
CO00126,Évaluez le coût d'une franchise pour chaque type de sinistre,Sinistre,Les franchises varient selon le type de sinistre. Évaluez-les pour mieux choisir. Ce conseil est validé par nos experts sinistres.,Tous
CO00127,Utilisez un dispositif antichoc pour votre pare-brise,Sécurité,Les pare-brises sont vulnérables. Un dispositif antichoc peut les protéger. Ce conseil est validé par nos experts sécurité.,Professionnels
CO00128,Assurez-vous des garanties en cas de vol de documents,Administratif,Le vol de documents peut être problématique. Vérifiez votre couverture. Ce conseil est validé par nos experts administratifs.,Jeunes conducteurs
CO00129,Comparez les primes selon votre région,Économie,Les primes varient selon les régions. Comparez pour trouver la meilleure offre. Ce conseil est validé par nos experts économie.,Seniors
CO00130,Souscrivez une garantie pour les sinistres en parking,Souscription,Les parkings sont des lieux à risque. Une garantie spécifique peut vous couvrir. Ce conseil est validé par nos experts souscription.,Professionnels
CO00131,Vérifiez les exclusions de garantie pour les courses de nuit,Sinistre,Les courses de nuit peuvent être exclues. Vérifiez les conditions de votre contrat. Ce conseil est validé par nos experts sinistres.,Jeunes conducteurs
CO00132,Utilisez des feux de jour pour être mieux visible,Sécurité,Les feux de jour améliorent votre visibilité et réduisent les risques. Ce conseil est validé par nos experts sécurité.,Tous
CO00133,Consultez les conseils de votre assureur pour bien choisir,Administratif,Votre assureur peut vous conseiller sur les options adaptées à votre profil. Ce conseil est validé par nos experts administratifs.,Professionnels
CO00134,Optez pour une assurance avec assistance rapatriement,Souscription,L'assistance rapatriement peut vous aider en cas de panne loin de chez vous. Ce conseil est validé par nos experts souscription.,Jeunes conducteurs
CO00135,Évaluez l'impact des accidents sans tiers sur votre bonus,Économie,Les accidents sans tiers peuvent affecter votre bonus-malus. Ce conseil est validé par nos experts économie.,Seniors
CO00136,Vérifiez les options pour les conducteurs seniors,Souscription,Les conducteurs seniors peuvent bénéficier d'offres adaptées. Renseignez-vous. Ce conseil est validé par nos experts souscription.,Professionnels
CO00137,Utilisez des vidéos de conduite pour vous améliorer,Sécurité,Analyser votre conduite peut vous aider à éviter les accidents. Ce conseil est validé par nos experts sécurité.,Jeunes conducteurs
CO00138,Négociez une réduction pour les conducteurs de plus de 50 ans,Économie,Certains assureurs proposent des réductions pour les conducteurs expérimentés. Ce conseil est validé par nos experts économie.,Tous
CO00139,Conservez vos tickets de stationnement pour justifier vos déplacements,Administratif,Les tickets de stationnement peuvent être utiles en cas de sinistre. Ce conseil est validé par nos experts administratifs.,Professionnels
CO00140,Souscrivez une garantie pour les bris de glace étendue,Souscription,Les bris de glace sont fréquents. Une garantie étendue peut être utile. Ce conseil est validé par nos experts souscription.,Jeunes conducteurs
CO00141,Vérifiez les options de garantie pour les dommages par l'eau,Sinistre,Les dommages par l'eau peuvent être exclus. Vérifiez votre couverture. Ce conseil est validé par nos experts sinistres.,Seniors
CO00142,Utilisez une alarme connectée pour votre véhicule,Sécurité,Une alarme connectée peut alerter en cas d'effraction. Ce conseil est validé par nos experts sécurité.,Professionnels
CO00143,Comparez les offres des assureurs mutualistes,Économie,Les assureurs mutualistes peuvent proposer des offres compétitives. Ce conseil est validé par nos experts économie.,Jeunes conducteurs
CO00144,Assurez-vous que votre contrat est indexé sur l'inflation,Souscription,Un contrat indexé sur l'inflation maintient votre couverture. Ce conseil est validé par nos experts souscription.,Tous
CO00145,Vérifiez les garanties en cas de grève des transports,Administratif,Les grèves peuvent affecter vos déplacements. Vérifiez votre couverture. Ce conseil est validé par nos experts administratifs.,Professionnels
CO00146,Négociez une prime en fonction de votre nombre de sinistres,Économie,Votre historique de sinistres peut influencer votre prime. Négociez-la. Ce conseil est validé par nos experts économie.,Jeunes conducteurs
CO00147,Optez pour une assurance avec couverture des pannes,Souscription,Les pannes peuvent arriver. Une couverture spécifique peut vous aider. Ce conseil est validé par nos experts souscription.,Seniors
CO00148,Utilisez une protection contre le vol de la batterie,Sécurité,La batterie du véhicule peut être volée. Une protection peut être utile. Ce conseil est validé par nos experts sécurité.,Professionnels
CO00149,Consultez les forums de conducteurs pour des conseils,Administratif,Les forums peuvent vous donner des conseils sur les assurances. Ce conseil est validé par nos experts administratifs.,Jeunes conducteurs
CO00150,Souscrivez une garantie pour les dommages aux biens transportés,Souscription,Les biens transportés peuvent être endommagés. Une garantie spécifique peut les protéger. Ce conseil est validé par nos experts souscription.,Tous
CO00151,Vérifiez les options de paiement pour les jeunes conducteurs,Économie,Certains assureurs proposent des paiements adaptés aux jeunes conducteurs. Ce conseil est validé par nos experts économie.,Professionnels
CO00152,Utilisez des pneus adaptés à la saison,Sécurité,Les pneus adaptés réduisent les risques en toutes saisons. Ce conseil est validé par nos experts sécurité.,Jeunes conducteurs
CO00153,Assurez-vous de la prise en charge des frais de dépannage,Souscription,Les frais de dépannage peuvent être élevés. Assurez-vous de leur prise en charge. Ce conseil est validé par nos experts souscription.,Seniors
CO00154,Déclarez tout changement de lieu de résidence,Administratif,Votre lieu de résidence influence votre prime. Déclarez tout changement. Ce conseil est validé par nos experts administratifs.,Professionnels
CO00155,Négociez une remise en cas de souscription en ligne,Économie,Les souscriptions en ligne peuvent bénéficier de remises. Ce conseil est validé par nos experts économie.,Jeunes conducteurs
CO00156,Optez pour une garantie d'assistance 24h/24,Souscription,Une assistance 24h/24 peut vous dépanner à tout moment. Ce conseil est validé par nos experts souscription.,Tous
CO00157,Vérifiez les conditions de résiliation de votre contrat,Sinistre,Les conditions de résiliation peuvent varier. Vérifiez-les avant de signer. Ce conseil est validé par nos experts sinistres.,Professionnels
CO00158,Utilisez un système de verrouillage centralisé,Sécurité,Un verrouillage centralisé protège votre véhicule. Ce conseil est validé par nos experts sécurité.,Jeunes conducteurs
CO00159,Consultez les avis des experts sur votre assureur,Administratif,Les avis des experts peuvent vous aider à choisir. Ce conseil est validé par nos experts administratifs.,Seniors
CO00160,Souscrivez une garantie pour les dommages par le vent,Souscription,Les vents violents peuvent endommager votre véhicule. Une garantie spécifique est utile. Ce conseil est validé par nos experts souscription.,Professionnels
CO00161,Évaluez le coût des réparations en ligne,Économie,Les devis en ligne peuvent vous aider à évaluer le coût des réparations. Ce conseil est validé par nos experts économie.,Jeunes conducteurs
CO00162,Assurez-vous que votre véhicule est équipé de feux de signalisation,Sécurité,Les feux de signalisation sont obligatoires et augmentent votre sécurité. Ce conseil est validé par nos experts sécurité.,Tous
CO00163,Vérifiez les garanties en cas de perte de documents,Souscription,La perte de documents peut être problématique. Vérifiez votre couverture. Ce conseil est validé par nos experts souscription.,Professionnels
CO00164,Négociez une prime en fonction de votre âge,Économie,Votre âge peut influencer votre prime. Négociez pour obtenir le meilleur tarif. Ce conseil est validé par nos experts économie.,Jeunes conducteurs
CO00165,Utilisez des dispositifs anti-recul pour le stationnement,Sécurité,Les dispositifs anti-recul aident à éviter les accidents lors du stationnement. Ce conseil est validé par nos experts sécurité.,Seniors
CO00166,Consultez les guides de l'assurance automobile,Administratif,Les guides peuvent vous aider à comprendre les contrats. Ce conseil est validé par nos experts administratifs.,Professionnels
CO00167,Souscrivez une garantie pour les dommages causés par la foudre,Souscription,La foudre peut endommager votre véhicule. Une garantie spécifique est utile. Ce conseil est validé par nos experts souscription.,Jeunes conducteurs
CO00168,Évaluez le coût des réparations avant de lancer les travaux,Sinistre,Évaluez le coût des réparations pour éviter les mauvaises surprises. Ce conseil est validé par nos experts sinistres.,Tous
CO00169,Utilisez un dispositif anti-volet pour les roues,Sécurité,Les roues peuvent être volées. Un dispositif anti-volet peut les protéger. Ce conseil est validé par nos experts sécurité.,Professionnels
CO00170,Vérifiez les options de garantie pour les dommages par la grêle,Souscription,La grêle peut endommager votre véhicule. Une garantie spécifique est utile. Ce conseil est validé par nos experts souscription.,Jeunes conducteurs
CO00171,Assurez-vous que votre contrat est renouvelé automatiquement,Administratif,Vérifiez les conditions de renouvellement pour éviter les interruptions. Ce conseil est validé par nos experts administratifs.,Seniors
CO00172,Négociez une prime en fonction de votre historique de conduite,Économie,Votre historique de conduite est un atout pour négocier. Ce conseil est validé par nos experts économie.,Professionnels
CO00173,Optez pour une assurance avec assistance morale,Souscription,L'assistance morale peut vous aider après un sinistre. Ce conseil est validé par nos experts souscription.,Jeunes conducteurs
CO00174,Utilisez une protection contre les chocs pour le pare-chocs,Sécurité,Les pare-chocs sont vulnérables aux chocs. Une protection peut les préserver. Ce conseil est validé par nos experts sécurité.,Tous
CO00175,Vérifiez les options de garantie pour les dommages par le gel,Sinistre,Le gel peut endommager votre véhicule. Vérifiez votre couverture. Ce conseil est validé par nos experts sinistres.,Professionnels
CO00176,Consultez les simulateurs de franchise en ligne,Administratif,Les simulateurs peuvent vous aider à choisir votre franchise. Ce conseil est validé par nos experts administratifs.,Jeunes conducteurs
CO00177,Souscrivez une garantie pour les dommages par collision avec un animal,Souscription,Les collisions avec des animaux sont fréquentes. Une garantie spécifique est utile. Ce conseil est validé par nos experts souscription.,Seniors
CO00178,Évaluez le coût d'une assurance tous risques,Économie,Une assurance tous risques offre une couverture complète mais son coût est plus élevé. Ce conseil est validé par nos experts économie.,Professionnels
CO00179,Utilisez une protection contre les intrusions pour le véhicule,Sécurité,Les intrusions peuvent endommager votre véhicule. Une protection peut les prévenir. Ce conseil est validé par nos experts sécurité.,Jeunes conducteurs
CO00180,Vérifiez les exclusions de garantie pour les courses de nuit,Souscription,Les courses de nuit peuvent être exclues. Vérifiez votre contrat. Ce conseil est validé par nos experts souscription.,Tous
CO00181,Assurez-vous que votre véhicule est équipé d'un extincteur,Sécurité,Un extincteur peut être utile en cas d'incendie. Ce conseil est validé par nos experts sécurité.,Professionnels
CO00182,Négociez une prime en fonction de votre lieu de résidence,Économie,Votre lieu de résidence influence votre prime. Négociez pour obtenir le meilleur tarif. Ce conseil est validé par nos experts économie.,Jeunes conducteurs
CO00183,Consultez les garanties optionnelles disponibles,Souscription,Les options peuvent être adaptées à vos besoins. Consultez-les. Ce conseil est validé par nos experts souscription.,Seniors
CO00184,Utilisez un système anti-brouillard pour les feux,Sécurité,Les feux anti-brouillard améliorent la visibilité en conditions difficiles. Ce conseil est validé par nos experts sécurité.,Professionnels
CO00185,Vérifiez les options pour les conducteurs avec un permis récent,Souscription,Les conducteurs avec un permis récent peuvent bénéficier d'offres spécifiques. Ce conseil est validé par nos experts souscription.,Jeunes conducteurs
CO00186,Évaluez le coût des franchises pour chaque type de sinistre,Sinistre,Les franchises varient selon le sinistre. Évaluez-les pour mieux choisir. Ce conseil est validé par nos experts sinistres.,Tous
CO00187,Optez pour une assurance avec assistance pour les longs voyages,Souscription,Les longs voyages peuvent nécessiter une assistance spécifique. Ce conseil est validé par nos experts souscription.,Professionnels
CO00188,Utilisez une protection contre les rayures,Sécurité,Les rayures peuvent dévaloriser votre véhicule. Une protection peut les prévenir. Ce conseil est validé par nos experts sécurité.,Jeunes conducteurs
CO00189,Consultez les avis sur les assureurs en ligne,Administratif,Les avis en ligne peuvent vous aider à choisir votre assureur. Ce conseil est validé par nos experts administratifs.,Seniors
CO00190,Négociez une réduction pour les conducteurs sans sinistre,Économie,Un historique sans sinistre est un atout pour négocier une réduction. Ce conseil est validé par nos experts économie.,Professionnels
CO00191,Souscrivez une garantie pour les dommages par le vent,Économie,Les vents violents peuvent endommager votre véhicule. Une garantie spécifique est utile. Ce conseil est validé par nos experts économie.,Jeunes conducteurs
CO00192,Vérifiez les exclusions de garantie pour les dommages par l'eau,Souscription,Les dommages par l'eau peuvent être exclus. Vérifiez votre contrat. Ce conseil est validé par nos experts souscription.,Tous
CO00193,Utilisez des pneus adaptés à la conduite sur neige,Sécurité,Les pneus adaptés à la neige réduisent les risques d'accident. Ce conseil est validé par nos experts sécurité.,Professionnels
CO00194,Consultez les guides de sécurité routière,Administratif,Les guides de sécurité routière peuvent vous aider à adopter une conduite sûre. Ce conseil est validé par nos experts administratifs.,Jeunes conducteurs
CO00195,Optez pour une assurance avec couverture des frais médicaux,Souscription,Les frais médicaux en cas d'accident peuvent être couverts. Ce conseil est validé par nos experts souscription.,Seniors
CO00196,Évaluez le coût d'une assurance pour les conducteurs occasionnels,Économie,Les conducteurs occasionnels peuvent bénéficier d'assurances adaptées. Ce conseil est validé par nos experts économie.,Professionnels
CO00197,Utilisez une protection contre les vibrations,Sécurité,Les vibrations peuvent endommager votre véhicule. Une protection peut les réduire. Ce conseil est validé par nos experts sécurité.,Jeunes conducteurs
CO00198,Vérifiez les options pour les conducteurs avec des antécédents,Souscription,Les conducteurs avec des antécédents peuvent bénéficier d'offres spécifiques. Ce conseil est validé par nos experts souscription.,Tous
CO00199,Souscrivez une garantie pour les dommages causés par les inondations,Souscription,Les inondations peuvent endommager votre véhicule. Une garantie spécifique est utile. Ce conseil est validé par nos experts souscription.,Professionnels
CO00200,Consultez les options de paiement pour les petits budgets,Économie,Certaines assurances proposent des paiements adaptés aux petits budgets. Ce conseil est validé par nos experts économie.,Jeunes conducteurs
CO00201,Assurez-vous que votre véhicule est équipé d'un système de navigation,Sécurité,Un système de navigation peut vous aider à éviter les zones à risque. Ce conseil est validé par nos experts sécurité.,Seniors
CO00202,Vérifiez les exclusions de garantie pour les dommages causés par la foudre,Souscription,La foudre peut endommager votre véhicule. Vérifiez votre couverture. Ce conseil est validé par nos experts souscription.,Professionnels
CO00203,Utilisez une protection contre le vol pour les autoradios,Sécurité,Les autoradios sont souvent volés. Une protection peut les sécuriser. Ce conseil est validé par nos experts sécurité.,Jeunes conducteurs
CO00204,Consultez les simulateurs de prime pour estimer votre coût,Administratif,Les simulateurs vous permettent d'estimer votre prime avant de souscrire. Ce conseil est validé par nos experts administratifs.,Tous
CO00205,Négociez une prime en fonction de votre métier,Économie,Votre métier peut influencer votre prime. Négociez pour obtenir le meilleur tarif. Ce conseil est validé par nos experts économie.,Professionnels
CO00206,Souscrivez une garantie pour les dommages par la grêle,Souscription,La grêle peut endommager votre véhicule. Une garantie spécifique est utile. Ce conseil est validé par nos experts souscription.,Jeunes conducteurs
CO00207,Vérifiez les options pour les conducteurs avec un permis probatoire,Souscription,Les conducteurs avec un permis probatoire peuvent bénéficier d'offres adaptées. Ce conseil est validé par nos experts souscription.,Seniors
CO00208,Évaluez le coût des réparations en cas de sinistre,Sinistre,Évaluez le coût des réparations pour éviter les mauvaises surprises. Ce conseil est validé par nos experts sinistres.,Professionnels
CO00209,Utilisez une protection contre les chocs pour le pare-chocs,Sécurité,Les pare-chocs sont vulnérables aux chocs. Une protection peut les préserver. Ce conseil est validé par nos experts sécurité.,Jeunes conducteurs
CO00210,Consultez les garanties optionnelles en ligne,Administratif,Les options disponibles en ligne peuvent être comparées facilement. Ce conseil est validé par nos experts administratifs.,Tous
CO00211,Négociez une prime en fonction de votre lieu de stationnement,Économie,Le lieu de stationnement influence votre prime. Négociez pour obtenir le meilleur tarif. Ce conseil est validé par nos experts économie.,Professionnels
CO00212,Souscrivez une garantie pour les dommages par le gel,Souscription,Le gel peut endommager votre véhicule. Une garantie spécifique est utile. Ce conseil est validé par nos experts souscription.,Jeunes conducteurs
CO00213,Vérifiez les exclusions de garantie pour les courses de nuit,Souscription,Les courses de nuit peuvent être exclues. Vérifiez votre contrat. Ce conseil est validé par nos experts souscription.,Seniors
CO00214,Assurez-vous que votre véhicule est équipé d'un système de sécurité,Sécurité,Un système de sécurité peut protéger votre véhicule. Ce conseil est validé par nos experts sécurité.,Professionnels
CO00215,Consultez les simulateurs de franchise en ligne,Économie,Les simulateurs peuvent vous aider à choisir votre franchise. Ce conseil est validé par nos experts économie.,Jeunes conducteurs
CO00216,Optez pour une assurance avec assistance psychologique,Souscription,L'assistance psychologique peut vous aider après un sinistre. Ce conseil est validé par nos experts souscription.,Tous
CO00217,Vérifiez les options pour les conducteurs avec des enfants,Souscription,Les conducteurs avec des enfants peuvent bénéficier d'offres spécifiques. Ce conseil est validé par nos experts souscription.,Professionnels
CO00218,Utilisez une protection contre les intrusions,Sécurité,Les intrusions peuvent endommager votre véhicule. Une protection peut les prévenir. Ce conseil est validé par nos experts sécurité.,Jeunes conducteurs
CO00219,Évaluez le coût d'une assurance tous risques,Administratif,Une assurance tous risques offre une couverture complète mais son coût est plus élevé. Ce conseil est validé par nos experts administratifs.,Seniors
CO00220,Souscrivez une garantie pour les dommages par le feu,Souscription,Le feu peut endommager votre véhicule. Une garantie spécifique est utile. Ce conseil est validé par nos experts souscription.,Professionnels
CO00221,Vérifiez les exclusions de garantie pour les dommages par l'eau,Souscription,Les dommages par l'eau peuvent être exclus. Vérifiez votre contrat. Ce conseil est validé par nos experts souscription.,Jeunes conducteurs
CO00222,Assurez-vous que votre véhicule est équipé de feux de signalisation,Sécurité,Les feux de signalisation sont obligatoires et augmentent votre sécurité. Ce conseil est validé par nos experts sécurité.,Tous
CO00223,Consultez les simulateurs de prime en ligne,Administratif,Les simulateurs en ligne vous permettent d'estimer votre prime avant de souscrire. Ce conseil est validé par nos experts administratifs