VehicleID,ClientID,Marque,Modele,Version,Annee,Categorie,Carburant,Transmission,PuissanceDIN,PuissanceCV,ValeurNeuve,ValeurActuelle,NombrePlaces,Poids,Cylindree,Couleur,NombrePortes,VIN,Immatriculation,Etat
VH000001,CL000001,Ford,Fiesta,Fiesta Iconic,2017,Citadine,Hybride,Manuelle,85,5,218400,125142.06,5,1080,998,Blanc,5,WF0E92278879CBE83,79849|BN|6,Usé
VH000002,CL000002,Volkswagen,Polo,Polo Iconic,2022,Citadine,Diesel,Manuelle,95,5,225000,161188.42,5,1100,999,Vert,5,WVW846FAAEAFAEE1E,23562|YS|4,Bon
VH000003,CL000003,Volkswagen,Golf,Golf Active,2013,Compacte,Essence,Manuelle,110,6,315000,140920.01,5,1280,999,Beige,5,WVW6944D4FB5E8BAA,00003-C-7,Usé
VH000004,CL000004,Ford,Fiesta,Fiesta Intens,2014,Citadine,Hybride,Manuelle,85,5,218400,103941.0,5,1080,998,Blanc,5,WF0DC3EE8DAB7C1FE,99999|WX|1,Correct
VH000005,CL000005,Nissan,Qashqai,Qashqai GT Line,2018,SUV,Hybride,Manuelle,140,7,364000,221883.09,5,1380,1332,Vert,5,JN1EBE1BED572AB52,73568|UF|3,Bon
VH000006,CL000006,Ford,Focus,Focus Active,2023,Compacte,Diesel,Manuelle,125,6,275000,187404.8,5,1320,1499,Blanc,5,WF042814108E6CF53,00006-H-1,Bon
VH000007,CL000007,Mercedes-Benz,Classe C,Classe C Intens,2024,Berline,Diesel,Automatique,156,9,565000,437536.0,5,1480,1496,Gris,4,WDDDB0461580C716D,96928|HT|5,Bon
VH000008,CL000008,Ford,Fiesta,Fiesta Business,2025,Citadine,Diesel,Manuelle,85,5,195000,171600.0,5,1080,998,Blanc,5,WF0ACB3C4F1EF144F,42857|ZN|9,Usé
VH000009,CL000009,Kia,Sportage,Sportage Business,2015,SUV,Hybride,Manuelle,150,7,375200,189963.09,5,1480,1598,Vert,5,KNA18E9391C0B16A6,00009-D-3,Bon
VH000010,CL000010,Citroën,C4,C4 GT Line,2012,Compacte,Essence,Automatique,110,6,265000,111438.65,5,1240,1199,Rouge,5,VF7D2CE1F2D82C2E6,31937|SK|9,Bon
VH000011,CL000011,Mercedes-Benz,Classe E,Classe E Iconic,2014,Berline,Hybride,Manuelle,197,11,812000,386447.3,5,1680,1991,Rouge,4,WDD2E97CCC394DA0A,73351|AD|4,Correct
VH000012,CL000012,Audi,A4,A4 GT Line,2019,Berline,Hybride,Manuelle,150,9,543200,303022.27,5,1520,1968,Blanc,4,WAUD9444C64A57898,00012-H-5,Usé
VH000013,CL000013,Hyundai,Creta,Creta Business,2024,SUV,Essence,Manuelle,120,6,265000,205216.0,5,1250,1497,Bleu,5,KMHA9ED660017B264,92867|GV|8,Excellent
VH000014,CL000014,Hyundai,Tucson,Tucson Intens,2012,SUV,Hybride,Automatique,150,7,386400,162490.16,5,1520,1598,Beige,5,KMH4BFD9B2531AB06,40597|SF|6,Correct
VH000015,CL000015,Renault,Megane IV,Megane IV Business,2021,Compacte,Hybride,Automatique,130,7,319200,210378.82,5,1320,1332,Vert,5,VF1B0EF43D7B55C02,00015-W-7,Bon
VH000016,CL000016,Audi,A3,A3 GT Line,2016,Compacte,Diesel,Manuelle,150,8,425000,228911.42,5,1380,1498,Argent,5,WAU418D9913C866CD,92116|ET|2,Excellent
VH000017,CL000017,Dacia,Logan,Logan Active,2018,Berline,Essence,Manuelle,90,5,135000,82291.81,5,1100,999,Blanc,4,UU1F747D9DF8D96AB,86673|PX|9,Bon
VH000018,CL000018,Renault,Duster,Duster Intens,2018,SUV,Hybride,Automatique,115,6,274400,167265.72,5,1280,1461,Rouge,5,VF10A55E15C372E9D,00018-E-5,Correct
VH000019,CL000019,Suzuki,Swift,Swift Iconic,2020,Citadine,Hybride,Manuelle,83,4,173600,105263.23,5,950,1197,Argent,5,JS23B7E3832386974,41325|SL|5,Bon
VH000020,CL000020,Toyota,Corolla,Corolla Business,2019,Berline,Essence,Automatique,122,6,295000,164564.75,5,1350,1798,Blanc,4,JTDF257F4B77C1317,93124|TT|6,Correct
VH000021,CL000021,Fiat,Tipo,Tipo Business,2024,Berline,Diesel,Automatique,95,5,195000,151008.0,5,1180,1368,Beige,4,ZFA62BA6866D54350,00021-E-6,Correct
VH000022,CL000022,Volkswagen,Golf,Golf Active,2016,Compacte,Hybride,Manuelle,110,6,352800,190023.41,5,1280,999,Gris,5,WVW8F1B9C707FDF73,32645|PD|7,Bon
VH000023,CL000023,Kia,Seltos,Seltos Intens,2017,SUV,Diesel,Manuelle,120,6,255000,146113.67,5,1280,1497,Bleu,5,KNA1F9F716D4DEC00,74022|YZ|8,Correct
VH000024,CL000024,Nissan,Qashqai,Qashqai Iconic,2013,SUV,Hybride,Automatique,140,7,364000,162840.89,5,1380,1332,Noir,5,JN15A43B1F3988B4A,00024-H-9,Excellent
VH000025,CL000025,Hyundai,Tucson,Tucson Active,2019,SUV,Essence,Manuelle,150,7,345000,192457.08,5,1520,1598,Rouge,5,KMH2D86C81A284BA4,43340|SL|6,Excellent
VH000026,CL000026,Hyundai,i10,i10 Business,2020,Citadine,Diesel,Automatique,67,4,145000,87921.48,5,920,998,Gris,5,KMH8D22054821AE86,40109|DV|3,Bon
VH000027,CL000027,BMW,Série 1,Série 1 Intens,2019,Compacte,Hybride,Automatique,140,8,476000,265534.98,5,1380,1995,Blanc,5,WBA572A67F70201BE,00027-E-2,Correct
VH000028,CL000028,BMW,X5,X5 Intens,2014,SUV,Essence,Manuelle,265,14,895000,425948.68,5,2150,2998,Beige,5,WBA908FAE4EE9D7AE,84150|MU|3,Bon
VH000029,CL000029,Toyota,Corolla,Corolla Iconic,2019,Berline,Hybride,Automatique,122,6,330400,184312.52,5,1350,1798,Blanc,4,JTD1EFDA19209D6DB,98143|LV|6,Correct
VH000030,CL000030,Audi,A4,A4 Active,2021,Berline,Hybride,Automatique,150,9,543200,358013.08,5,1520,1968,Gris,4,WAUAAE4FF94E658E3,00030-T-1,Excellent
VH000031,CL000031,Renault,Captur,Captur Business,2013,SUV,Diesel,Automatique,110,6,265000,118551.75,5,1220,999,Bleu,5,VF17BFE70133CCEA9,57828|AX|2,Correct
VH000032,CL000032,Toyota,Yaris,Yaris GT Line,2022,Citadine,Diesel,Manuelle,72,4,185000,132532.7,5,980,998,Noir,5,JTD1D0D62EA331DBE,76129|MH|6,Correct
VH000033,CL000033,Dacia,Logan,Logan Active,2019,Berline,Essence,Automatique,90,5,135000,75309.29,5,1100,999,Marron,4,UU1817E59FBFCDC1B,00033-C-4,Excellent
VH000034,CL000034,Audi,A3,A3 Business,2018,Compacte,Diesel,Manuelle,150,8,425000,259066.8,5,1380,1498,Marron,5,WAU42CC0FA92D0BBF,81632|CG|9,Bon
VH000035,CL000035,Citroën,C5 Aircross,C5 Aircross Intens,2014,SUV,Hybride,Manuelle,130,7,386400,183895.61,5,1480,1199,Rouge,5,VF714E92960C4BD12,78177|TB|3,Excellent
VH000036,CL000036,Mercedes-Benz,GLC,GLC Business,2015,SUV,Diesel,Automatique,197,10,685000,346814.27,5,1820,1991,Vert,5,WDD844B13FAC3E843,00036-T-7,Usé
VH000037,CL000037,Kia,Seltos,Seltos Active,2014,SUV,Essence,Manuelle,120,6,255000,121359.68,5,1280,1497,Noir,5,KNAB2314EABD35650,13087|TU|7,Correct
VH000038,CL000038,Kia,Seltos,Seltos Iconic,2020,SUV,Hybride,Automatique,120,6,285600,173174.99,5,1280,1497,Blanc,5,KNADD74E309686B1F,83879|FM|7,Usé
VH000039,CL000039,Mercedes-Benz,Classe A,Classe A Intens,2024,Compacte,Diesel,Manuelle,136,7,445000,344608.0,5,1360,1332,Blanc,5,WDD9CC828C0EE58DD,00039-C-1,Bon
VH000040,CL000040,Kia,Picanto,Picanto Intens,2021,Citadine,Diesel,Automatique,67,4,135000,88976.01,5,900,998,Gris,5,KNAEA267F6613DE67,53759|AX|1,Bon
VH000041,CL000041,Dacia,Sandero,Sandero Intens,2022,Citadine,Diesel,Manuelle,65,4,125000,89549.12,5,1050,999,Argent,5,UU16AB98C1F8F980A,29765|DX|9,Bon
VH000042,CL000042,Audi,A4,A4 Business,2013,Berline,Hybride,Automatique,150,9,543200,243008.72,5,1520,1968,Blanc,4,WAUB5DC5F38A24835,00042-E-3,Correct
VH000043,CL000043,Dacia,Spring,Spring Intens,2022,Citadine,Électrique,Manuelle,45,2,162750,116592.95,4,970,0,Blanc,5,UU1DBE69246095F14,83123|HN|1,Bon
VH000044,CL000044,BMW,Série 3,Série 3 Intens,2021,Berline,Diesel,Manuelle,184,10,525000,346017.8,5,1520,1998,Marron,4,WBA0E2D167455AF1C,17168|VD|4,Excellent
VH000045,CL000045,Hyundai,Tucson,Tucson GT Line,2023,SUV,Essence,Automatique,150,7,345000,235107.84,5,1520,1598,Blanc,5,KMH8AFEB37F6F711D,00045-D-1,Bon
VH000046,CL000046,Volkswagen,Golf,Golf GT Line,2022,Compacte,Diesel,Manuelle,110,6,315000,225663.78,5,1280,999,Blanc,5,WVWFA38068E68C28F,38936|HM|2,Correct
VH000047,CL000047,Kia,Sportage,Sportage Intens,2015,SUV,Essence,Manuelle,150,7,335000,169609.9,5,1480,1598,Rouge,5,KNA49EBBE2AA4D6B8,24746|UE|8,Correct
VH000048,CL000048,Mercedes-Benz,Classe E,Classe E Active,2024,Berline,Hybride,Manuelle,197,11,812000,628812.8,5,1680,1991,Vert,4,WDD0E4A6DE377B18D,00048-H-7,Bon
VH000049,CL000049,Dacia,Duster,Duster Business,2017,SUV,Hybride,Automatique,90,5,218400,125142.06,5,1230,1461,Noir,5,UU18484290F087920,44020|PE|4,Bon
VH000050,CL000050,Renault,Duster,Duster Iconic,2022,SUV,Hybride,Manuelle,115,6,274400,196578.23,5,1280,1461,Beige,5,VF117BA3A58CB1F96,24427|NS|2,Excellent
VH000051,CL000051,Dacia,Spring,Spring GT Line,2020,Citadine,Électrique,Automatique,45,2,162750,98684.28,4,970,0,Bleu,5,UU103CC949709FC79,00051-D-4,Correct
VH000052,CL000052,Audi,A4,A4 Active,2017,Berline,Hybride,Automatique,150,9,543200,311250.78,5,1520,1968,Gris,4,WAUAB51D55FCA731C,90797|GT|6,Bon
VH000053,CL000053,Toyota,Hilux,Hilux Intens,2019,Pick-up,Hybride,Manuelle,150,9,408800,228047.69,5,2050,2393,Argent,4,JTD9F3354DB4B5D0D,82524|JK|9,Excellent
VH000054,CL000054,Renault,Captur,Captur Active,2024,SUV,Hybride,Automatique,110,6,296800,229841.92,5,1220,999,Marron,5,VF18A26CEC8F695B0,00054-H-1,Bon
VH000055,CL000055,Renault,Duster,Duster GT Line,2013,SUV,Essence,Manuelle,115,6,245000,109604.45,5,1280,1461,Noir,5,VF150B8156DACA5DE,24573|SX|5,Correct
VH000056,CL000056,Renault,Clio V,Clio V Active,2018,Citadine,Diesel,Automatique,90,5,185000,112770.25,5,1150,999,Gris,5,VF17F2128F18794FB,58582|MD|9,Correct
VH000057,CL000057,Fiat,500,500 Iconic,2019,Citadine,Hybride,Manuelle,70,4,184800,103090.05,4,960,999,Marron,3,ZFA4ECDE8863792D6,00057-A-6,Correct
VH000058,CL000058,BMW,Série 3,Série 3 Business,2015,Berline,Diesel,Manuelle,184,10,525000,265806.56,5,1520,1998,Beige,4,WBAFB96DD5472A054,22416|SR|1,Correct
VH000059,CL000059,Suzuki,Swift,Swift Intens,2014,Citadine,Diesel,Automatique,83,4,155000,73767.65,5,950,1197,Argent,5,JS24A82F0B489CC98,52370|TW|5,Bon
VH000060,CL000060,Volkswagen,Passat,Passat GT Line,2021,Berline,Essence,Automatique,150,8,385000,253746.39,5,1480,1968,Argent,4,WVWBC0FC0050B0020,00060-W-5,Excellent
VH000061,CL000061,Mercedes-Benz,Classe A,Classe A Active,2023,Compacte,Diesel,Automatique,136,7,445000,303255.04,5,1360,1332,Bleu,5,WDD5083C158F1ADF4,49531|TH|7,Excellent
VH000062,CL000062,Renault,Clio V,Clio V Business,2013,Citadine,Diesel,Manuelle,90,5,185000,82762.54,5,1150,999,Rouge,5,VF149388A0D6B3F38,59789|NZ|1,Bon
VH000063,CL000063,Fiat,Tipo,Tipo GT Line,2022,Berline,Essence,Manuelle,95,5,195000,139696.63,5,1180,1368,Gris,4,ZFAB76032F0DCAE5F,00063-W-4,Bon
VH000064,CL000064,BMW,X3,X3 GT Line,2017,SUV,Diesel,Automatique,190,11,625000,358121.75,5,1780,1998,Rouge,5,WBA80EC0DAC2825FF,52034|KH|2,Bon
VH000065,CL000065,Dacia,Duster,Duster Business,2021,SUV,Essence,Manuelle,90,5,195000,128520.9,5,1230,1461,Blanc,5,UU16C7B1C22B0EA81,87932|YN|8,Bon
VH000066,CL000066,Suzuki,Vitara,Vitara GT Line,2014,SUV,Essence,Automatique,102,6,245000,116600.48,5,1180,1373,Marron,5,JS224597F84F24469,00066-H-9,Bon
VH000067,CL000067,BMW,X5,X5 GT Line,2016,SUV,Essence,Manuelle,265,14,895000,482060.53,5,2150,2998,Bleu,5,WBA6E8842E4D8026B,38111|XB|9,Bon
VH000068,CL000068,Dacia,Sandero,Sandero Active,2025,Citadine,Diesel,Automatique,65,4,125000,110000.0,5,1050,999,Rouge,5,UU14C3DAB17F49476,95831|MZ|9,Excellent
VH000069,CL000069,Mercedes-Benz,Classe A,Classe A Intens,2022,Compacte,Essence,Automatique,136,7,445000,318794.87,5,1360,1332,Beige,5,WDD06BB07F30E1B60,00069-C-6,Bon
VH000070,CL000070,Dacia,Logan,Logan Active,2022,Berline,Diesel,Automatique,90,5,135000,96713.05,5,1100,999,Blanc,4,UU15200237EF852AF,22637|VC|8,Correct
VH000071,CL000071,Dacia,Logan,Logan Iconic,2022,Berline,Hybride,Automatique,90,5,151200,108318.62,5,1100,999,Noir,4,UU1AD1257530B410C,83356|FY|5,Usé
VH000072,CL000072,Suzuki,Swift,Swift Iconic,2020,Citadine,Essence,Automatique,83,4,155000,93985.03,5,950,1197,Vert,5,JS2EF82A03F51569B,00072-C-9,Bon
VH000073,CL000073,Renault,Captur,Captur Active,2018,SUV,Diesel,Manuelle,110,6,265000,161535.77,5,1220,999,Beige,5,VF15E69AF6C4FF12C,57284|NR|7,Correct
VH000074,CL000074,Volkswagen,Passat,Passat Active,2012,Berline,Diesel,Manuelle,150,8,385000,161901.43,5,1480,1968,Rouge,4,WVW5AB0F113C07AA0,36149|YR|3,Bon
VH000075,CL000075,Citroën,C4,C4 GT Line,2025,Compacte,Hybride,Automatique,110,6,296800,261184.0,5,1240,1199,Argent,5,VF7575BADEA9F8947,00075-E-6,Bon
VH000076,CL000076,BMW,X3,X3 Business,2016,SUV,Essence,Manuelle,190,11,625000,336634.45,5,1780,1998,Noir,5,WBA3730F8B020A656,78098|YC|2,Bon
VH000077,CL000077,Renault,Captur,Captur Intens,2021,SUV,Hybride,Manuelle,110,6,296800,195615.4,5,1220,999,Gris,5,VF12695E1E5657A5E,84607|PC|1,Bon
VH000078,CL000078,Ford,Fiesta,Fiesta Iconic,2022,Citadine,Essence,Automatique,85,5,195000,139696.63,5,1080,998,Marron,5,WF09132364A8FFED3,00078-D-3,Correct
VH000079,CL000079,Volkswagen,Passat,Passat Intens,2024,Berline,Essence,Manuelle,150,8,385000,298144.0,5,1480,1968,Vert,4,WVW772D639771F7FF,20804|YX|2,Usé
VH000080,CL000080,Renault,Megane IV,Megane IV Active,2012,Compacte,Diesel,Manuelle,130,7,285000,119849.11,5,1320,1332,Rouge,5,VF18FEBEFF56E3228,99018|JB|4,Bon
VH000081,CL000081,Toyota,RAV4,RAV4 Iconic,2024,SUV,Diesel,Automatique,177,8,425000,329120.0,5,1580,2487,Rouge,5,JTD01876C5BB47240,00081-A-7,Correct
VH000082,CL000082,Nissan,Micra,Micra GT Line,2024,Citadine,Essence,Automatique,71,4,165000,127776.0,5,980,999,Rouge,5,JN186C2258938BC6E,21133|VJ|5,Usé
VH000083,CL000083,Dacia,Sandero,Sandero GT Line,2020,Citadine,Hybride,Automatique,65,4,140000,84889.7,5,1050,999,Marron,5,UU1405718EA46C470,21834|XE|4,Excellent
VH000084,CL000084,Dacia,Sandero,Sandero GT Line,2013,Citadine,Diesel,Manuelle,65,4,125000,55920.64,5,1050,999,Argent,5,UU15B2C74B11DE2BC,00084-A-6,Correct
VH000085,CL000085,Audi,A3,A3 GT Line,2012,Compacte,Hybride,Manuelle,150,8,476000,200169.04,5,1380,1498,Argent,5,WAU8875B73E744773,46539|TY|7,Bon
VH000086,CL000086,Dacia,Logan,Logan Business,2018,Berline,Essence,Manuelle,90,5,135000,82291.81,5,1100,999,Bleu,4,UU1FB0C92EE2BA86D,32698|BY|2,Correct
VH000087,CL000087,Ford,Focus,Focus Iconic,2023,Compacte,Diesel,Automatique,125,6,275000,187404.8,5,1320,1499,Beige,5,WF08183A435F3302D,00087-H-4,Correct
VH000088,CL000088,Renault,Captur,Captur Iconic,2019,SUV,Diesel,Automatique,110,6,265000,147829.35,5,1220,999,Rouge,5,VF1D82AD3C8AAF9A2,14337|HU|1,Usé
VH000089,CL000089,Citroën,C4,C4 Business,2025,Compacte,Essence,Automatique,110,6,265000,233200.0,5,1240,1199,Marron,5,VF7076EB8C3C42D1D,20616|SJ|9,Correct
VH000090,CL000090,Renault,Clio V,Clio V GT Line,2024,Citadine,Essence,Manuelle,90,5,185000,143264.0,5,1150,999,Blanc,5,VF10C039FF4F437F7,00090-E-2,Correct
VH000091,CL000091,Audi,A4,A4 Business,2025,Berline,Essence,Automatique,150,9,485000,426800.0,5,1520,1968,Blanc,4,WAU2051D6297D4ABE,17405|SH|2,Excellent
VH000092,CL000092,Renault,Duster,Duster Iconic,2020,SUV,Diesel,Manuelle,115,6,245000,148556.98,5,1280,1461,Blanc,5,VF13153E2CCFB2E9A,73655|SU|3,Bon
VH000093,CL000093,Volkswagen,Tiguan,Tiguan Intens,2012,SUV,Hybride,Automatique,150,8,476000,200169.04,5,1580,1968,Blanc,5,WVW2218AD1A80700F,00093-D-6,Bon
VH000094,CL000094,Audi,A4,A4 Business,2021,Berline,Diesel,Manuelle,150,9,485000,319654.54,5,1520,1968,Noir,4,WAUCDE3C1F93A9829,18595|PS|9,Correct
VH000095,CL000095,Toyota,Hilux,Hilux Intens,2020,Pick-up,Diesel,Manuelle,150,9,365000,221319.58,5,2050,2393,Beige,4,JTDCFA99C5C788D3D,18991|UH|3,Usé
VH000096,CL000096,Fiat,500,500 GT Line,2025,Citadine,Essence,Automatique,70,4,165000,145200.0,4,960,999,Vert,3,ZFA3347E6B9FAD692,00096-W-7,Correct
VH000097,CL000097,Hyundai,Tucson,Tucson Intens,2015,SUV,Hybride,Automatique,150,7,386400,195633.63,5,1520,1598,Marron,5,KMH7E8924D0EC33E2,84089|JF|1,Bon
VH000098,CL000098,Suzuki,Swift,Swift Business,2013,Citadine,Diesel,Automatique,83,4,155000,69341.59,5,950,1197,Blanc,5,JS22BFCC595DCAD95,97807|BU|5,Correct
VH000099,CL000099,Fiat,500,500 Active,2019,Citadine,Diesel,Manuelle,70,4,165000,92044.69,4,960,999,Beige,3,ZFA02DAF9BB8120AD,00099-H-3,Excellent
VH000100,CL000100,Dacia,Logan,Logan Intens,2020,Berline,Diesel,Automatique,90,5,135000,81857.93,5,1100,999,Marron,4,UU1190D470F49BB37,21945|ZH|7,Bon
VH000101,CL000101,Peugeot,2008,2008 GT Line,2020,SUV,Essence,Manuelle,110,6,275000,166744.15,5,1200,1199,Noir,5,VF312A5C1C0EB4980,000101-PE-1,Excellent
VH000102,CL000102,Seat,Leon,Leon FR,2022,Compacte,Hybride,Automatique,130,6,325000,232831.66,5,1290,1395,Bleu,5,VSS315AD8B63D2A1C,102|SE|2,Bon
VH000103,CL000103,Mazda,CX-5,CX-5 Exclusive,2021,SUV,Diesel,Manuelle,150,7,385000,253746.39,5,1580,2191,Argent,5,JMZKF3D610D7E92B4,103|MA|3,Correct
VH000104,CL000104,Honda,CR-V,CR-V Elegance,2023,SUV,Hybride,Automatique,184,10,495000,337337.78,5,1620,1993,Rouge,5,JHMRE3940F2F3D4C6,104|HO|4,Bon
VH000105,CL000105,Opel,Corsa,Corsa Edition,2020,Citadine,Diesel,Manuelle,100,5,195000,118239.23,5,1060,999,Gris,5,W0LBF5E67F07712F9,105|OP|5,Excellent
VH000106,CL000106,Mini,Cooper,Cooper Sport,2021,Citadine,Essence,Automatique,136,7,325000,214212.88,4,1180,1498,Marron,3,WMW3314E82E9E5C15,106|MI|6,Correct
VH000107,CL000107,Jaguar,F-Pace,F-Pace S,2024,SUV,Diesel,Automatique,204,12,825000,638880.0,5,1850,1999,Blanc,5,SADFA60D7B9F8C1D2,107|JA|7,Excellent
VH000108,CL000108,Land Rover,Evoque,Evoque Dynamic,2022,SUV,Hybride,Manuelle,180,10,635000,454987.64,5,1770,1999,Vert,5,SALVR2AN7G799305F,108|LR|8,Bon
VH000109,CL000109,Alfa Romeo,Giulia,Giulia Veloce,2023,Berline,Diesel,Automatique,210,11,625000,425937.5,5,1520,2143,Noir,4,ZAREA4DN7F8A4B7C9,109|AR|9,Correct
VH000110,CL000110,Porsche,Cayenne,Cayenne S,2022,SUV,Essence,Automatique,340,23,1125000,805866.48,5,2160,2996,Argent,5,WP1ZZZ92Z99A387C2,110|PO|1,Excellent
VH000111,CL000111,Volvo,XC60,XC60 R-Design,2021,SUV,Diesel,Manuelle,235,13,695000,458056.29,5,1850,1969,Bleu,5,YV1UZ10FBL3A37441,111|VO|2,Bon
VH000112,CL000112,Skoda,Octavia,Octavia Style,2022,Berline,Hybride,Automatique,150,8,365000,261463.02,5,1360,1498,Rouge,5,TMBKN9NE4F018390C,112|SK|3,Correct
VH000113,CL000113,Lexus,NX,NX F Sport,2023,SUV,Hybride,Automatique,185,10,695000,473596.59,5,1730,2487,Marron,5,JTJGAMBH2F6239C17,113|LE|4,Usé
VH000114,CL000114,Jeep,Compass,Compass Trailhawk,2021,SUV,Diesel,Manuelle,170,9,535000,352655.08,5,1680,1956,Gris,5,3C4NJDBB3FT240863,114|JE|5,Bon
VH000115,CL000115,Mitsubishi,Outlander,Outlander PHEV,2022,SUV,Hybride,Automatique,200,11,625000,447746.13,5,1720,2360,Vert,5,JF2Y3FHA9F3A3F2D9,115|MI|6,Excellent
VH000116,CL000116,Subaru,Forester,Forester Premium,2020,SUV,Essence,Manuelle,150,8,395000,239484.96,5,1550,1995,Blanc,5,JF2SJ1WC0H8349355,116|SU|7,Correct
VH000117,CL000117,Infiniti,QX50,QX50 Sensory,2023,SUV,Hybride,Automatique,268,14,795000,541764.88,5,1850,1997,Noir,5,JN1BJ1GV5F083742D,117|IN|8,Bon
VH000118,CL000118,DS,DS 7,DS 7 Crossback,2022,SUV,Diesel,Manuelle,180,10,585000,419078.24,5,1620,1999,Rouge,5,VF7C3YH4F3611854F,118|DS|9,Excellent
VH000119,CL000119,Smart,Fortwo,Fortwo EQ,2021,Citadine,Électrique,Automatique,60,3,175000,115334.35,2,970,0,Argent,3,WME4530001H662239,119|SM|1,Correct
VH000120,CL000120,Abarth,500,500 Esseesse,2022,Citadine,Essence,Manuelle,140,8,295000,211315.4,4,1020,1368,Beige,3,ZFA312000C615879A,120|AB|2,Bon
VH000121,CL000121,MG,ZS,ZS Exclusive,2023,SUV,Hybride,Manuelle,105,6,255000,173761.5,5,1340,1498,Marron,5,LSJAW95Y6FG231784,121|MG|3,Excellent
VH000122,CL000122,SsangYong,Tivoli,Tivoli Urban,2022,SUV,Diesel,Automatique,115,6,235000,168344.13,5,1280,1597,Rouge,5,KPTE0B19DF8F17A38,122|SS|4,Bon
VH000123,CL000123,Alpine,A110,A110 Pure,2023,Coupé,Essence,Automatique,252,14,725000,494062.25,2,1080,1798,Vert,2,VFRLD8A4B7A2D5C6F,123|AL|5,Correct
VH000124,CL000124,Cupra,Formentor,Formentor VZ,2022,SUV,Essence,Manuelle,245,13,575000,411920.5,5,1540,1984,Bleu,5,VSSZZZ5PZ3F2741D9,124|CU|6,Excellent
VH000125,CL000125,Polestar,Polestar 2,Polestar 2 LR,2023,Berline,Électrique,Automatique,408,28,735000,500876.15,5,1950,0,Blanc,4,YSMED3BB4GJ1019E9,125|PO|7,Bon
VH000126,CL000126,Genesis,G70,G70 Sport,2022,Berline,Diesel,Automatique,200,11,625000,447746.13,5,1540,2199,Gris,4,KMTG341DNF63867C5,126|GE|8,Correct
VH000127,CL000127,DS,DS 4,DS 4 Crossback,2023,Compacte,Hybride,Manuelle,130,7,365000,248745.04,5,1360,1598,Rouge,5,VF7C0B35F8D247A31,127|DS|9,Bon
VH000128,CL000128,Seat,Arona,Arona FR,2020,SUV,Diesel,Automatique,95,5,235000,142494.65,5,1230,1395,Noir,5,VSSZZZKZFA138458D,128|SE|1,Excellent
VH000129,CL000129,Renault,Arkana,Arkana Intens,2023,SUV,Hybride,Manuelle,140,7,315000,214668.18,5,1350,1598,Argent,5,VF1S9E7B3G7347489,129|RE|2,Bon
VH000130,CL000130,Mazda,MX-5,MX-5 RF,2022,Cabriolet,Essence,Automatique,181,10,385000,275757.79,2,1060,1998,Marron,2,JMZND6E8D4G2A3B51,130|MA|3,Correct
VH000131,CL000131,Lancia,Ypsilon,Ypsilon Eleganza,2019,Citadine,Diesel,Manuelle,80,4,195000,108778.79,5,1050,1248,Blanc,3,ZLA218FJE7J3C1D45,131|LA|4,Bon
VH000132,CL000132,Maserati,Ghibli,Ghibli Diesel,2021,Berline,Diesel,Automatique,275,15,895000,589819.56,5,1800,2987,Vert,4,ZAMSS57D3F3226718,132|MA|5,Excellent
VH000133,CL000133,Proton,Saga,Saga Executive,2020,Berline,Essence,Manuelle,95,5,145000,87921.48,5,1100,1332,Rouge,4,PL1C24B7C8D25FC6F,133|PR|6,Correct
VH000134,CL000134,Perodua,Myvi,Myvi Premium,2022,Citadine,Hybride,Automatique,83,4,125000,89549.12,5,980,998,Gris,5,PMV4C3A1C32D7F8E9,134|PE|7,Bon
VH000135,CL000135,Great Wall,Wingle,Wingle 4x4,2021,Pick-up,Diesel,Manuelle,120,6,285000,187839.5,5,1850,2370,Beige,4,LGWDB4176F8E3C59A,135|GW|8,Excellent
VH000136,CL000136,BAIC,X55,X55 Premium,2023,SUV,Essence,Manuelle,150,7,275000,187404.8,5,1400,1497,Marron,5,LNBMC8A4G2F8C1A73,136|BA|9,Bon
VH000137,CL000137,Honda,Jazz,Jazz Elegance,2020,Citadine,Hybride,Automatique,98,5,215000,130330.47,5,1110,1498,Argent,5,JHMFE2F75F3C16C95,137|HO|1,Correct
VH000138,CL000138,Volkswagen,ID.3,ID.3 Pro,2022,Compacte,Électrique,Automatique,204,15,445000,318794.87,5,1780,0,Blanc,5,WVWZZZ1KZ5R8A2B7C,138|VO|2,Excellent
VH000139,CL000139,Aston Martin,DB11,DB11 V8,2020,Coupé,Essence,Automatique,510,35,2150000,1303391.8,4,1740,3998,Noir,2,SCFDMGDG8HGN45678,139|AS|3,Bon
VH000140,CL000140,Bentley,Bentayga,Bentayga V8,2022,SUV,Essence,Automatique,550,38,1950000,1396731.32,5,2440,3996,Gris,5,SJAAG12Z4G4C3D45E,140|BE|4,Correct
VH000141,CL000141,Lamborghini,Urus,Urus S,2023,SUV,Essence,Automatique,666,47,2450000,1669317.56,5,2190,3996,Rouge,5,ZPBUA1ZL1F8B1C2D3,141|LA|5,Excellent
VH000142,CL000142,Ferrari,Purosangue,Purosangue,2024,SUV,Essence,Automatique,725,50,2850000,2206800.0,4,2033,6496,Marron,5,ZFF01MLB3G2B3C4D5,142|FE|6,Bon
VH000143,CL000143,McLaren,Artura,Artura,2023,Coupé,Hybride,Automatique,680,47,2250000,1533281.04,2,1495,2999,Vert,2,SBM14ECA2H1A2B3C4,143|MC|7,Correct
VH000144,CL000144,Rolls-Royce,Cullinan,Cullinan,2022,SUV,Essence,Automatique,571,39,2850000,2041338.05,5,2660,6749,Blanc,5,SCA68UL23C2B3C4D5,144|RO|8,Excellent
VH000145,CL000145,Aston Martin,DBX,DBX,2023,SUV,Essence,Automatique,550,38,1950000,1328845.62,5,2245,3998,Argent,5,SCFRE9DE6G2B3C4D5,145|AS|9,Bon
VH000146,CL000146,Koenigsegg,Gemera,Gemera,2024,Coupé,Hybride,Automatique,2300,170,11250000,8712000.0,4,1850,1999,Noir,2,YT9GDF8B3C4D5E6F7,146|KO|1,Excellent
VH000147,CL000147,Rimac,Nevera,Nevera,2023,Coupé,Électrique,Automatique,1914,138,18750000,12776667.96,2,1980,0,Marron,2,GL9C4D5E6F7G8H9I0,147|RI|2,Bon
VH000148,CL000148,Bugatti,Chiron,Chiron Super Sport,2022,Coupé,Essence,Automatique,1600,110,32500000,23282886.83,2,1995,7993,Gris,2,VF9SJ2D4E5F6G7H8I9,148|BU|3,Correct
VH000149,CL000149,Hennessey,F5,F5 Venom,2023,Coupé,Essence,Automatique,1842,126,22500000,15331237.9,2,1360,6388,Vert,2,2D4E5F6G7H8I9J0K1,149|HE|4,Excellent
VH000150,CL000150,SSC,Tuatara,Tuatara,2024,Coupé,Essence,Automatique,1750,120,19500000,15100800.0,2,1247,5898,Bleu,2,3E5F6G7H8I9J0K1L2,150|SS|5,Bon
VH000151,CL000151,Lotus,Evija,Evija,2023,Coupé,Électrique,Automatique,2000,136,22500000,15331237.9,2,1680,0,Rouge,2,4F6G7H8I9J0K1L2M3,151|LO|6,Correct
VH000152,CL000152,Dodge,Challenger,Challenger SRT Demon,2022,Coupé,Essence,Manuelle,840,58,1250000,895491.23,4,1938,6166,Blanc,2,2C3CDZBH5F6G7H8I9,152|DO|7,Excellent
VH000153,CL000153,Chevrolet,Camaro,Camaro ZL1,2023,Coupé,Essence,Automatique,650,45,895000,609810.84,4,1730,6162,Noir,2,1G1FK1R65F6G7H8I9,153|CH|8,Bon
VH000154,CL000154,Ford,Mustang,Mustang Dark Horse,2024,Coupé,Essence,Manuelle,500,34,745000,577264.0,4,1750,5038,Argent,2,1FA6P8CF8F6G7H8I9,154|FO|9,Correct
VH000155,CL000155,Nissan,GT-R,GT-R Nismo,2023,Coupé,Essence,Automatique,600,41,1150000,783602.05,4,1740,3799,Gris,2,JN1G7B6F8F6G7H8I9,155|NI|1,Excellent
VH000156,CL000156,Lexus,LC,LC 500,2022,Coupé,Essence,Automatique,477,32,975000,698371.66,4,1930,4969,Marron,2,JTHZ8D7F6G7H8I9J0,156|LE|2,Bon
VH000157,CL000157,Acura,NSX,NSX Type S,2023,Coupé,Hybride,Automatique,600,41,1125000,766562.34,2,1770,3493,Vert,2,19UNC1B8F6G7H8I9,157|AC|3,Correct
VH000158,CL000158,Audi,R8,R8 V10 Performance,2022,Coupé,Essence,Automatique,620,42,1150000,823730.0,2,1590,5204,Rouge,2,WUAHJAF8F6G7H8I9,158|AU|4,Excellent
VH000159,CL000159,BMW,M8,M8 Competition,2023,Coupé,Essence,Automatique,625,43,1150000,783602.05,4,1900,4395,Blanc,2,WBSFV0C8F6G7H8I9,159|BM|5,Bon
VH000160,CL000160,Porsche,911,911 Turbo S,2022,Coupé,Essence,Automatique,650,45,1250000,895491.23,4,1640,3745,Noir,2,WP0AB2A8F6G7H8I9,160|PO|6,Correct
VH000161,CL000161,Mercedes-AMG,GT,GT 63 S,2023,Coupé,Essence,Automatique,639,44,1125000,766562.34,4,1810,3982,Gris,2,WDD7Y8F6G7H8I9J0,161|ME|7,Excellent
VH000162,CL000162,Aston Martin,Vantage,Vantage F1 Edition,2022,Coupé,Essence,Automatique,535,37,995000,712598.5,2,1530,3998,Marron,2,SCFRC8F6G7H8I9J0,162|AS|8,Bon
VH000163,CL000163,Jaguar,F-Type,F-Type R,2023,Coupé,Essence,Automatique,575,40,925000,630443.99,2,1570,5000,Vert,2,SAJ6A8F6G7H8I9J0,163|JA|9,Correct
VH000164,CL000164,Maserati,MC20,MC20,2022,Coupé,Essence,Automatique,621,42,1125000,805866.48,2,1500,2999,Rouge,2,ZAMZ8F6G7H8I9J0K,164|MA|1,Excellent
VH000165,CL000165,McLaren,720S,720S Spider,2023,Cabriolet,Essence,Automatique,720,49,1450000,988233.16,2,1339,3994,Blanc,2,SBM5A8F6G7H8I9J0,165|MC|2,Bon
VH000166,CL000166,Lamborghini,Huracan,Huracan STO,2022,Coupé,Essence,Automatique,640,44,1250000,895491.23,2,1339,5204,Noir,2,ZHWU8F6G7H8I9J0K,166|LA|3,Correct
VH000167,CL000167,Ferrari,SF90,SF90 Stradale,2023,Coupé,Hybride,Automatique,1000,68,1750000,1192649.77,2,1570,3990,Gris,2,ZFF8F6G7H8I9J0K1,167|FE|4,Excellent
VH000168,CL000168,Pagani,Huayra,Huayra R,2022,Coupé,Essence,Manuelle,838,57,2250000,1611524.21,2,1350,5980,Marron,2,ZC6D8F6G7H8I9J0K,168|PA|5,Bon
VH000169,CL000169,Koenigsegg,Jesko,Jesko,2023,Coupé,Essence,Automatique,1600,110,27500000,18737241.53,2,1420,5063,Vert,2,YT9C8F6G7H8I9J0K,169|KO|6,Correct
VH000170,CL000170,Bugatti,Veyron,Veyron Grand Sport,2022,Cabriolet,Essence,Automatique,1200,82,16500000,11819614.27,2,1888,7993,Rouge,2,VF9C8F6G7H8I9J0K,170|BU|7,Excellent
VH000171,CL000171,Hennessey,Venom GT,Venom GT,2023,Coupé,Essence,Manuelle,1244,86,13500000,9200017.98,2,1115,7194,Blanc,2,2D4C8F6G7H8I9J0K,171|HE|8,Bon
VH000172,CL000172,SSC,Tuatara,Tuatara Striker,2024,Coupé,Essence,Automatique,1750,120,19500000,15100800.0,2,1247,5898,Noir,2,3E5C8F6G7H8I9J0K,172|SS|9,Correct
VH000173,CL000173,Lotus,Evora,Evora GT,2022,Coupé,Essence,Manuelle,430,29,795000,569444.76,2,1329,3456,Gris,2,4F6C8F6G7H8I9J0K,173|LO|1,Excellent
VH000174,CL000174,Dodge,Viper,Viper ACR,2023,Coupé,Essence,Manuelle,645,44,925000,630443.99,2,1540,8400,Marron,2,2C3C8F6G7H8I9J0K,174|DO|2,Bon
VH000175,CL000175,Chevrolet,Corvette,Corvette Z06,2022,Coupé,Essence,Automatique,670,46,875000,626843.96,2,1580,6162,Vert,2,1G1C8F6G7H8I9J0K,175|CH|3,Correct
VH000176,CL000176,Ford,GT,GT,2023,Coupé,Essence,Automatique,647,44,1025000,698546.33,2,1385,3497,Rouge,2,1FA6C8F6G7H8I9J0K,176|FO|4,Excellent
VH000177,CL000177,Nissan,Z,Z Performance,2024,Coupé,Essence,Manuelle,400,27,595000,460768.0,2,1540,2999,Blanc,2,JN1C8F6G7H8I9J0K,177|NI|5,Bon
VH000178,CL000178,Audi,R8,R8 Spyder,2023,Cabriolet,Essence,Automatique,570,39,985000,671398.29,2,1680,5204,Noir,2,WUAC8F6G7H8I9J0K,178|AU|6,Correct
VH000179,CL000179,BMW,M4,M4 CSL,2022,Coupé,Essence,Automatique,550,38,895000,641170.26,2,1620,2993,Gris,2,WBSA8F6G7H8I9J0K,179|BM|7,Excellent
VH000180,CL000180,Porsche,718,718 Cayman GT4 RS,2023,Coupé,Essence,Automatique,500,34,925000,630443.99,2,1415,3996,Marron,2,WP0A8F6G7H8I9J0K,180|PO|8,Bon